{
    "path": [
        "Acknowledged Pawn",
        "Properties",
        "Children",
        "BP_PickaxeTier2_C BP_PickaxeTier2_C_2147073255",
        "Components",
        "SkeletalMeshComponent SkeletalMesh"
    ],
    "state": {
        "hand": 1,
        "location_offset": {
            "x": 0.0,
            "y": 0.0,
            "z": 0.0
        },
        "permanent": true,
        "rotation_offset": {
            "w": 0.9267984628677368,
            "x": 0.37555909156799316,
            "y": 0.0,
            "z": 0.0
        }
    },
    "type": "motion_controller"
}