{
    "path": [
        "Acknowledged Pawn",
        "Properties",
        "Children",
        "BP_AxeTier3_C BP_AxeTier3_C_2146620264",
        "Components",
        "SkeletalMeshComponent SkeletalMesh"
    ],
    "state": {
        "hand": 1,
        "location_offset": {
            "x": 0.0,
            "y": 0.0,
            "z": 0.0
        },
        "permanent": true,
        "rotation_offset": {
            "w": 0.9895058870315552,
            "x": 0.14449243247509003,
            "y": 0.0,
            "z": 0.0
        }
    },
    "type": "motion_controller"
}