{
    "path": [
        "Acknowledged Pawn",
        "Properties",
        "Children",
        "BP_DecalGun_5_C BP_DecalGun_5_C_2145669579",
        "Components",
        "SkeletalMeshComponent Weapon"
    ],
    "state": {
        "hand": 1,
        "location_offset": {
            "x": 0.0,
            "y": 0.0,
            "z": 0.0
        },
        "permanent": true,
        "rotation_offset": {
            "w": 1.0,
            "x": 0.0,
            "y": 0.0,
            "z": 0.0
        }
    },
    "type": "motion_controller"
}