{
    "path": [
        "Acknowledged Pawn",
        "Properties",
        "Children",
        "BP_Bat_C BP_Bat_C_2146825282",
        "Components",
        "SkeletalMeshComponent SkeletalMesh"
    ],
    "state": {
        "hand": 1,
        "location_offset": {
            "x": 0.0,
            "y": 0.0,
            "z": 0.0
        },
        "permanent": true,
        "rotation_offset": {
            "w": 0.9068700671195984,
            "x": 0.4214104115962982,
            "y": 0.0,
            "z": 0.0
        }
    },
    "type": "motion_controller"
}