{
    "path": [
        "Acknowledged Pawn",
        "Properties",
        "Children",
        "BP_HomingSphereLauncher_C BP_HomingSphereLauncher_C_2145689187",
        "Components",
        "SkeletalMeshComponent SkeletalMesh"
    ],
    "state": {
        "hand": 1,
        "location_offset": {
            "x": 0.0,
            "y": 0.0,
            "z": 0.0
        },
        "permanent": true,
        "rotation_offset": {
            "w": 1.0,
            "x": 0.0,
            "y": 0.0,
            "z": 0.0
        }
    },
    "type": "motion_controller"
}