{
    "path": [
        "Acknowledged Pawn",
        "Properties",
        "Children",
        "BP_PickaxeTier0_C BP_PickaxeTier0_C_2146813155",
        "Components",
        "SkeletalMeshComponent SkeletalMesh"
    ],
    "state": {
        "hand": 1,
        "location_offset": {
            "x": 0.0,
            "y": 0.0,
            "z": 0.0
        },
        "permanent": true,
        "rotation_offset": {
            "w": 0.9586901068687439,
            "x": 0.28087303042411804,
            "y": -0.04317016899585724,
            "z": 0.012647710740566254
        }
    },
    "type": "motion_controller"
}