{
    "path": [
        "Acknowledged Pawn",
        "Properties",
        "Children",
        "BP_PickaxeTier1_C BP_PickaxeTier1_C_2147075227",
        "Components",
        "SkeletalMeshComponent SkeletalMesh"
    ],
    "state": {
        "hand": 1,
        "location_offset": {
            "x": 0.0,
            "y": 0.0,
            "z": 0.0
        },
        "permanent": true,
        "rotation_offset": {
            "w": 0.9249090552330017,
            "x": 0.38018837571144104,
            "y": 0.0,
            "z": 0.0
        }
    },
    "type": "motion_controller"
}