{
    "path": [
        "Acknowledged Pawn",
        "Properties",
        "Children",
        "BP_BeamSword_C BP_BeamSword_C_2146544183",
        "Components",
        "SkeletalMeshComponent SkeletalMesh"
    ],
    "state": {
        "hand": 1,
        "location_offset": {
            "x": 0.0,
            "y": 0.0,
            "z": 0.0
        },
        "permanent": true,
        "rotation_offset": {
            "w": 0.9538350105285645,
            "x": 0.3002893924713135,
            "y": 0.0015014578821137547,
            "z": -0.004769215360283852
        }
    },
    "type": "motion_controller"
}