{
    "path": [
        "Acknowledged Pawn",
        "Properties",
        "Children",
        "BP_Spear_Tier3_C BP_Spear_Tier3_C_2146785222",
        "Components",
        "SkeletalMeshComponent SkeletalMesh"
    ],
    "state": {
        "hand": 1,
        "location_offset": {
            "x": 0.0,
            "y": 0.0,
            "z": 0.0
        },
        "permanent": true,
        "rotation_offset": {
            "w": 0.8938215970993042,
            "x": 0.44842278957366943,
            "y": 0.0,
            "z": 0.0
        }
    },
    "type": "motion_controller"
}