{
    "path": [
        "Acknowledged Pawn",
        "Properties",
        "Children",
        "BP_ThrowWeapon_FragGrenade_Water_C BP_ThrowWeapon_FragGrenade_Water_C_2145588318",
        "Components",
        "StaticMeshComponent StaticMesh"
    ],
    "state": {
        "hand": 1,
        "location_offset": {
            "x": 0.0,
            "y": 0.0,
            "z": 0.0
        },
        "permanent": true,
        "rotation_offset": {
            "w": 1.0,
            "x": 0.0,
            "y": 0.0,
            "z": 0.0
        }
    },
    "type": "motion_controller"
}