{
    "path": [
        "Acknowledged Pawn",
        "Properties",
        "Children",
        "BP_Sword_C BP_Sword_C_2146544691",
        "Components",
        "SkeletalMeshComponent SkeletalMesh"
    ],
    "state": {
        "hand": 1,
        "location_offset": {
            "x": 0.0,
            "y": 0.0,
            "z": 0.0
        },
        "permanent": true,
        "rotation_offset": {
            "w": 0.9521739482879639,
            "x": 0.27896398305892944,
            "y": -0.035053156316280365,
            "z": 0.11964552849531174
        }
    },
    "type": "motion_controller"
}