{
    "path": [
        "Acknowledged Pawn",
        "Properties",
        "Children",
        "BP_PickaxeTier3_C BP_PickaxeTier3_C_2146806266",
        "Components",
        "SkeletalMeshComponent SkeletalMesh"
    ],
    "state": {
        "hand": 1,
        "location_offset": {
            "x": -0.07000000029802322,
            "y": -0.4399999976158142,
            "z": -0.029999999329447746
        },
        "permanent": true,
        "rotation_offset": {
            "w": 0.9981850981712341,
            "x": 0.04514774680137634,
            "y": 0.039723604917526245,
            "z": 0.0031920496840029955
        }
    },
    "type": "motion_controller"
}