{
    "path": [
        "Acknowledged Pawn",
        "Properties",
        "Children",
        "BP_Spear_Tier2_C BP_Spear_Tier2_C_2146785854",
        "Components",
        "SkeletalMeshComponent SkeletalMesh"
    ],
    "state": {
        "hand": 1,
        "location_offset": {
            "x": 0.0,
            "y": 0.0,
            "z": 0.0
        },
        "permanent": true,
        "rotation_offset": {
            "w": 0.8823328614234924,
            "x": 0.4706258773803711,
            "y": 0.0,
            "z": 0.0
        }
    },
    "type": "motion_controller"
}