{
    "path": [
        "Acknowledged Pawn",
        "Properties",
        "Children",
        "BP_AxeTier1_C BP_AxeTier1_C_2146827630",
        "Components",
        "SkeletalMeshComponent SkeletalMesh"
    ],
    "state": {
        "hand": 1,
        "location_offset": {
            "x": 0.0,
            "y": 0.0,
            "z": 0.0
        },
        "permanent": true,
        "rotation_offset": {
            "w": 0.9004470705986023,
            "x": 0.4349655508995056,
            "y": 0.0,
            "z": 0.0
        }
    },
    "type": "motion_controller"
}