{
    "path": [
        "Acknowledged Pawn",
        "Properties",
        "Children",
        "BP_Spear_ForestBoss_C BP_Spear_ForestBoss_C_2146591173",
        "Components",
        "SkeletalMeshComponent SkeletalMesh"
    ],
    "state": {
        "hand": 1,
        "location_offset": {
            "x": 5.96999979019165,
            "y": 4.170000076293945,
            "z": -4.630000114440918
        },
        "permanent": true,
        "rotation_offset": {
            "w": 0.8114607334136963,
            "x": 0.10084570944309235,
            "y": -0.3586900234222412,
            "z": -0.4502255916595459
        }
    },
    "type": "motion_controller"
}