{
    "path": [
        "Acknowledged Pawn",
        "Properties",
        "Children",
        "BP_YakushimaBlade_C BP_YakushimaBlade_C_2146546414",
        "Components",
        "SkeletalMeshComponent SkeletalMesh"
    ],
    "state": {
        "hand": 1,
        "location_offset": {
            "x": 0.0,
            "y": 0.0,
            "z": 0.0
        },
        "permanent": true,
        "rotation_offset": {
            "w": 0.9478825330734253,
            "x": 0.29321491718292236,
            "y": -0.036843933165073395,
            "z": 0.11910630017518997
        }
    },
    "type": "motion_controller"
}