{
    "path": [
        "Acknowledged Pawn",
        "Properties",
        "Children",
        "BP_MeatCutterKnife_C BP_MeatCutterKnife_C_2147096226",
        "Components",
        "SkeletalMeshComponent SkeletalMesh"
    ],
    "state": {
        "hand": 1,
        "location_offset": {
            "x": 0.0,
            "y": 0.0,
            "z": 0.0
        },
        "permanent": true,
        "rotation_offset": {
            "w": 0.9358968138694763,
            "x": 0.35227423906326294,
            "y": 0.0,
            "z": 0.0
        }
    },
    "type": "motion_controller"
}