{
    "path": [
        "Acknowledged Pawn",
        "Properties",
        "Children",
        "BP_Bat2_C BP_Bat2_C_2147091147",
        "Components",
        "SkeletalMeshComponent SkeletalMesh"
    ],
    "state": {
        "hand": 1,
        "location_offset": {
            "x": 0.0,
            "y": 0.0,
            "z": 0.0
        },
        "permanent": true,
        "rotation_offset": {
            "w": 0.9444102644920349,
            "x": 0.32876917719841003,
            "y": 0.0,
            "z": 0.0
        }
    },
    "type": "motion_controller"
}