{
    "path": [
        "Acknowledged Pawn",
        "Properties",
        "Children",
        "BP_Spear_C BP_Spear_C_2146786571",
        "Components",
        "SkeletalMeshComponent SkeletalMesh"
    ],
    "state": {
        "hand": 1,
        "location_offset": {
            "x": 0.0,
            "y": 0.0,
            "z": 0.0
        },
        "permanent": true,
        "rotation_offset": {
            "w": 0.8727445006370544,
            "x": 0.48817723989486694,
            "y": 0.0,
            "z": 0.0
        }
    },
    "type": "motion_controller"
}