{
    "path": [
        "Acknowledged Pawn",
        "Properties",
        "Children",
        "BP_MeatCutterKnife_C BP_MeatCutterKnife_C_2147387589",
        "Properties",
        "BackWeaponModel",
        "Components",
        "SkeletalMeshComponent MainMesh"
    ],
    "state": {
        "hand": 1,
        "location_offset": {
            "x": 0.0,
            "y": 0.0,
            "z": 0.0
        },
        "permanent": true,
        "rotation_offset": {
            "w": 0.8281484842300415,
            "x": 0.5605087876319885,
            "y": 0.0,
            "z": 0.0
        }
    },
    "type": "motion_controller"
}