{
    "path": [
        "Acknowledged Pawn",
        "Properties",
        "Children",
        "BP_Launcher_Meteor_C BP_Launcher_Meteor_C_2145764446",
        "Components",
        "SkeletalMeshComponent SkeletalMesh"
    ],
    "state": {
        "hand": 1,
        "location_offset": {
            "x": 0.0,
            "y": 0.0,
            "z": 0.0
        },
        "permanent": true,
        "rotation_offset": {
            "w": 0.7144210338592529,
            "x": -0.0,
            "y": -0.6997160911560059,
            "z": 0.0
        }
    },
    "type": "motion_controller"
}