{
    "path": [
        "Acknowledged Pawn",
        "Properties",
        "Children",
        "BP_AxeTier2_C BP_AxeTier2_C_2146826774",
        "Components",
        "SkeletalMeshComponent SkeletalMesh"
    ],
    "state": {
        "hand": 1,
        "location_offset": {
            "x": 0.0,
            "y": 0.0,
            "z": 0.0
        },
        "permanent": true,
        "rotation_offset": {
            "w": 0.8960524797439575,
            "x": 0.44394809007644653,
            "y": 0.0,
            "z": 0.0
        }
    },
    "type": "motion_controller"
}