{
    "path": [
        "Acknowledged Pawn",
        "Properties",
        "Children",
        "BP_Torch_C BP_Torch_C_2147077510",
        "Components",
        "NiagaraComponent NS_TorchFire"
    ],
    "state": {
        "hand": 1,
        "location_offset": {
            "x": 28.149999618530273,
            "y": 27.8700008392334,
            "z": -10.760000228881836
        },
        "permanent": true,
        "rotation_offset": {
            "w": 0.1424604207277298,
            "x": 0.4784495234489441,
            "y": 0.46044909954071045,
            "z": 0.7340148091316223
        }
    },
    "type": "motion_controller"
}