{
    "path": [
        "Acknowledged Pawn",
        "Properties",
        "Children",
        "BP_Katana_C BP_Katana_C_2146784746",
        "Components",
        "SkeletalMeshComponent SkeletalMesh"
    ],
    "state": {
        "hand": 1,
        "location_offset": {
            "x": 0.0,
            "y": 0.0,
            "z": 0.0
        },
        "permanent": true,
        "rotation_offset": {
            "w": 0.8653239607810974,
            "x": 0.5012129545211792,
            "y": 0.0,
            "z": 0.0
        }
    },
    "type": "motion_controller"
}