{
    "path": [
        "Acknowledged Pawn",
        "Properties",
        "Children",
        "BP_Torch_C BP_Torch_C_2147077510",
        "Components",
        "SkeletalMeshComponent SkeletalMesh"
    ],
    "state": {
        "hand": 1,
        "location_offset": {
            "x": 0.0,
            "y": 0.0,
            "z": 0.0
        },
        "permanent": true,
        "rotation_offset": {
            "w": 0.8602686524391174,
            "x": 0.5098410248756409,
            "y": 0.0,
            "z": 0.0
        }
    },
    "type": "motion_controller"
}