{
    "path": [
        "Acknowledged Pawn",
        "Properties",
        "Children",
        "BP_ElecBaton_C BP_ElecBaton_C_2146561078",
        "Components",
        "SkeletalMeshComponent SkeletalMesh"
    ],
    "state": {
        "hand": 1,
        "location_offset": {
            "x": 0.0,
            "y": 0.0,
            "z": 0.0
        },
        "permanent": true,
        "rotation_offset": {
            "w": 0.9133784770965576,
            "x": 0.3535446524620056,
            "y": -0.10315932333469391,
            "z": 0.1735052913427353
        }
    },
    "type": "motion_controller"
}