{
    "path": [
        "Acknowledged Pawn",
        "Properties",
        "Children",
        "BP_AxeTier0_C BP_AxeTier0_C_2147069045",
        "Components",
        "SkeletalMeshComponent SkeletalMesh"
    ],
    "state": {
        "hand": 1,
        "location_offset": {
            "x": 0.0,
            "y": 0.0,
            "z": 0.0
        },
        "permanent": true,
        "rotation_offset": {
            "w": 0.8915682435035706,
            "x": 0.45288631319999695,
            "y": 0.0,
            "z": 0.0
        }
    },
    "type": "motion_controller"
}